Workbook

Sheet FACTORS
A1: COMPANY | B1: CAGR | C1: P/E | D1: EV/EBITDA | E1: NET MARGIN | F1: ROIC | G1: BETA | H1: EXPECTED RETURN | I1: VOLATILITY
A2: NVIDIA | B2: 0.51 | C2: 35.4 | D2: 34.88 | E2: 55.85 | F2: 102.75 | G2: 1.75 | H2: =0.044+G2*0.055 -> 0.14025 | I2: 0.5001
A3: GOOGLE | B3: 0.14 | C3: 24.7 | D3: 17.71 | E3: 28.62 | F3: 30.42 | G3: 1.07 | H3: =0.044+G3*0.055 -> 0.10285 | I3: 0.2962
A4: META | B4: 0.14 | C4: 21.3 | D4: 17.07 | E4: 37.91 | F4: 29.71 | G4: 1.24 | H4: =0.044+G4*0.055 -> 0.1122 | I4: 0.3815
A5: AMAZON | B5: 0.04 | C5: 35 | D5: 19.38 | E5: 9.29 | F5: 15.71 | G5: 1.24 | H5: =0.044+G5*0.055 -> 0.1122 | I5: 0.3167
A6: WALMART | B6: 0.11 | C6: 26 | D6: 19.98 | E6: 2.85 | F6: 13.79 | G6: 0.76 | H6: =0.044+G6*0.055 -> 0.0858 | I6: 0.1903
A7: HOME DEPOT | B7: 0.04 | C7: 23.6 | D7: 18.63 | E7: 36.15 | F7: 25.6 | G7: 0.99 | H7: =0.044+G6*0.055 -> 0.0858 | I7: 0.2312

Sheet ALLOCATIONS
A1: COMPANY | B1: CONSERVATIVE | C1: MODERATE | D1: AGGRESSIVE
A2: NVIDIA | B2: 0 | C2: 0.1 | D2: 0.35
A3: GOOGLE | B3: 0.3 | C3: 0.25 | D3: 0.1
A4: META | B4: 0.05 | C4: 0.2 | D4: 0.25
A5: AMAZON | B5: 0.05 | C5: 0.2 | D5: 0.2
A6: WALMART | B6: 0.35 | C6: 0.15 | D6: 0.05
A7: HOME DEPOT | B7: 0.25 | C7: 0.1 | D7: 0.05
A8: TOTAL | B8: =SUM(B2:B7) -> 1 | C8: 1 | D8: 1

Sheet ADJ CLOSES - RETURNS
A1: Date | B1: NVIDIA ADJ CLOSE | C1: GOOGLE ADJ CLOSE | D1: META ADJ CLOSE | E1: AMAZON ADJ CLOSE | F1: WALMART ADJ CLOSE | G1: HOME DEPOT ADJ CLOSE | H1: NVIDIA RETURNS | I1: GOOGLE RETURNS | J1: META RETURNS | K1: AMAZON RETURNS | L1: WALMART RETURNS | M1: HOME DEPOT RETURNS
A2: 45996 | B2: 182.41 | C2: 321.27 | D2: 673.42 | E2: 229.53 | F2: 115.11 | G2: 354.61
A3: 45995 | B3: 183.38 | C3: 317.62 | D3: 661.53 | E3: 229.11 | F3: 114.84 | G3: 351.17 | H3: =LN(B3/B2) -> 0.0053036019 | I3: =LN(C3/C2) -> -0.011426191 | J3: =LN(D3/D2) -> -0.017813872 | K3: =LN(E3/E2) -> -0.0018315023 | L3: =LN(F3/F2) -> -0.0023483377 | M3: =LN(G3/G2) -> -0.0097481573
A4: 45995 | B4: 179.58 | C4: 319.63 | D4: 639.6 | E4: 232.38 | F4: 114.41 | G4: 351.17 | H4: =LN(B4/B3) -> -0.020939712 | I4: =LN(C4/C3) -> 0.0063083771 | J4: =LN(D4/D3) -> -0.033712353 | K4: =LN(E4/E3) -> 0.014171725 | L4: =LN(F4/F3) -> -0.0037513675 | M4: =LN(G4/G3) -> 0
A5: 45994 | B5: 181.45 | C5: 315.81 | D5: 647.1 | E5: 234.42 | F5: 112.41 | G5: 355.61 | H5: =LN(B5/B4) -> 0.010359343 | I5: =LN(C5/C4) -> -0.01202331 | J5: =LN(D5/D4) -> 0.011657861 | K5: =LN(E5/E4) -> 0.0087404155 | L5: =LN(F5/F4) -> -0.017635586 | M5: =LN(G5/G4) -> 0.012564188
A6: 45993 | B6: 179.91 | C6: 314.89 | D6: 640.87 | E6: 233.88 | F6: 111.53 | G6: 351.75 | H6: =LN(B6/B5) -> -0.0085234078 | I6: =LN(C6/C5) -> -0.0029173954 | J6: =LN(D6/D5) -> -0.0096742138 | K6: =LN(E6/E5) -> -0.002306215 | L6: =LN(F6/F5) -> -0.0078592885 | M6: =LN(G6/G5) -> -0.010913929
A7: 45992 | B7: 176.99 | C7: 320.18 | D7: 647.95 | E7: 233.22 | F7: 110.51 | G7: 355.03 | H7: =LN(B7/B6) -> -0.016363492 | I7: =LN(C7/C6) -> 0.016659966 | J7: =LN(D7/D6) -> 0.010986905 | K7: =LN(E7/E6) -> -0.0028259492 | L7: =LN(F7/F6) -> -0.0091875984 | M7: =LN(G7/G6) -> 0.009281597
A8: 45989 | B8: 180.25 | C8: 319.95 | D8: 633.61 | E8: 229.16 | F8: 109.1 | G8: 354.63 | H8: =LN(B8/B7) -> 0.018251542 | I8: =LN(C8/C7) -> -0.00071860406 | J8: =LN(D8/D7) -> -0.02237991 | K8: =LN(E8/E7) -> -0.017561765 | L8: =LN(F8/F7) -> -0.012841122 | M8: =LN(G8/G7) -> -0.0011273005
A9: 45987 | B9: 177.81 | C9: 323.44 | D9: 636.22 | E9: 229.67 | F9: 107 | G9: 353.19 | H9: =LN(B9/B8) -> -0.013629212 | I9: =LN(C9/C8) -> 0.010848892 | J9: =LN(D9/D8) -> 0.0041107923 | K9: =LN(E9/E8) -> 0.0022230465 | L9: =LN(F9/F8) -> -0.019436058 | M9: =LN(G9/G8) -> -0.0040688367
A10: 45986 | B10: 182.54 | C10: 318.58 | D10: 613.05 | E10: 226.28 | F10: 104.06 | G10: 348.81 | H10: =LN(B10/B9) -> 0.026253763 | I10: =LN(C10/C9) -> -0.015140004 | J10: =LN(D10/D9) -> -0.037097917 | K10: =LN(E10/E9) -> -0.014870326 | L10: =LN(F10/F9) -> -0.027861179 | M10: =LN(G10/G9) -> -0.012478794
A11: 45985 | B11: 178.87 | C11: 299.66 | D11: 594.25 | E11: 220.69 | F11: 105.32 | G11: 334.42 | H11: =LN(B11/B10) -> -0.020310042 | I11: =LN(C11/C10) -> -0.061225122 | J11: =LN(D11/D10) -> -0.031146392 | K11: =LN(E11/E10) -> -0.025014169 | L11: =LN(F11/F10) -> 0.012035679 | M11: =LN(G11/G10) -> -0.042129673
A12: 45982 | B12: 180.63 | C12: 289.45 | D12: 589.15 | E12: 217.14 | F12: 107.11 | G12: 341.11 | H12: =LN(B12/B11) -> 0.0097914551 | I12: =LN(C12/C11) -> -0.034665928 | J12: =LN(D12/D11) -> -0.0086192861 | K12: =LN(E12/E11) -> -0.016216695 | L12: =LN(F12/F11) -> 0.016853009 | M12: =LN(G12/G11) -> 0.019807318
A13: 45981 | B13: 186.51 | C13: 292.81 | D13: 590.32 | E13: 222.69 | F13: 100.61 | G13: 330.24 | H13: =LN(B13/B12) -> 0.032034117 | I13: =LN(C13/C12) -> 0.011541364 | J13: =LN(D13/D12) -> 0.0019839426 | K13: =LN(E13/E12) -> 0.025238363 | L13: =LN(F13/F12) -> -0.062604687 | M13: =LN(G13/G12) -> -0.032385343
A14: 45980 | B14: 181.35 | C14: 284.28 | D14: 597.69 | E14: 222.55 | F14: 101.39 | G14: 332.35 | H14: =LN(B14/B13) -> -0.028055991 | I14: =LN(C14/C13) -> -0.029564267 | J14: =LN(D14/D13) -> 0.012407462 | K14: =LN(E14/E13) -> -0.00062887434 | L14: =LN(F14/F13) -> 0.0077228107 | M14: =LN(G14/G13) -> 0.0063689676
... A1203: 44173 | B1203: 13.57 | C1203: 87.26 | D1203: 273.98 | E1203: 158.86 | F1203: 45.77 | G1203: 236.89 | H1203: =LN(B1203/B1202) -> 0.019345841 | I1203: =LN(C1203/C1202) -> 0.0095573299 | J1203: =LN(D1203/D1202) -> 0.0043161851 | K1203: =LN(E1203/E1202) -> 0.023244273 | L1203: =LN(F1203/F1202) -> 0.00021850759 | M1203: =LN(G1203/G1202) -> 0.0049088161

Sheet CORRELATION MATRIX
A1: CORRELATION MATRIX
A3: COMPANY | B3: NVIDIA | C3: GOOGLE | D3: META | E3: AMAZON | F3: WALMART | G3: HOME DEPOT
A4: NVIDIA | B4: =CORREL('ADJ CLOSES - RETURNS'!H3:H1203,'ADJ CLOSES - RETURNS'!H3:H1203) -> 1 | C4: =CORREL('ADJ CLOSES - RETURNS'!H3:H1203,'ADJ CLOSES - RETURNS'!I3:I1203) -> 0.044259214 | D4: =CORREL('ADJ CLOSES - RETURNS'!H3:H1203,'ADJ CLOSES - RETURNS'!J3:J1203) -> 0.045771584 | E4: 0.35172807 | F4: 0.015558256 | G4: -0.0037652594
A5: GOOGLE | B5: =CORREL('ADJ CLOSES - RETURNS'!I3:I1203,'ADJ CLOSES - RETURNS'!H3:H1203) -> 0.044259214 | C5: =CORREL('ADJ CLOSES - RETURNS'!I3:I1203,'ADJ CLOSES - RETURNS'!I3:I1203) -> 1 | D5: =CORREL('ADJ CLOSES - RETURNS'!I3:I1203,'ADJ CLOSES - RETURNS'!J3:J1203) -> 0.37951892 | E5: =CORREL('ADJ CLOSES - RETURNS'!I3:I1203,'ADJ CLOSES - RETURNS'!K3:K1203) -> 0.0061560394 | F5: =CORREL('ADJ CLOSES - RETURNS'!I3:I1203,'ADJ CLOSES - RETURNS'!L3:L1203) -> 0.048833108 | G5: =CORREL('ADJ CLOSES - RETURNS'!I3:I1203,'ADJ CLOSES - RETURNS'!M3:M1203) -> -0.033600655
A6: META | B6: =CORREL('ADJ CLOSES - RETURNS'!J3:J1203,'ADJ CLOSES - RETURNS'!H3:H1203) -> 0.045771584 | C6: =CORREL('ADJ CLOSES - RETURNS'!J3:J1203,'ADJ CLOSES - RETURNS'!I3:I1203) -> 0.37951892 | D6: =CORREL('ADJ CLOSES - RETURNS'!J3:J1203,'ADJ CLOSES - RETURNS'!J3:J1203) -> 1 | E6: =CORREL('ADJ CLOSES - RETURNS'!J3:J1203,'ADJ CLOSES - RETURNS'!K3:K1203) -> -0.040633751 | F6: 0.10831468 | G6: -0.018866125
A7: AMAZON | B7: =CORREL('ADJ CLOSES - RETURNS'!K3:K1203,'ADJ CLOSES - RETURNS'!H3:H1203) -> 0.35172807 | C7: =CORREL('ADJ CLOSES - RETURNS'!K3:K1203,'ADJ CLOSES - RETURNS'!I3:I1203) -> 0.0061560394 | D7: =CORREL('ADJ CLOSES - RETURNS'!K3:K1203,'ADJ CLOSES - RETURNS'!J3:J1203) -> -0.040633751 | E7: =CORREL('ADJ CLOSES - RETURNS'!K3:K1203,'ADJ CLOSES - RETURNS'!K3:K1203) -> 1 | F7: =CORREL('ADJ CLOSES - RETURNS'!K3:K1203,'ADJ CLOSES - RETURNS'!L3:L1203) -> 0.0080934869 | G7: =CORREL('ADJ CLOSES - RETURNS'!K3:K1203,'ADJ CLOSES - RETURNS'!M3:M1203) -> -0.0020032873
A8: WALMART | B8: =CORREL('ADJ CLOSES - RETURNS'!L3:L1203,'ADJ CLOSES - RETURNS'!H3:H1203) -> 0.015558256 | C8: =CORREL('ADJ CLOSES - RETURNS'!L3:L1203,'ADJ CLOSES - RETURNS'!I3:I1203) -> 0.048833108 | D8: =CORREL('ADJ CLOSES - RETURNS'!L3:L1203,'ADJ CLOSES - RETURNS'!J3:J1203) -> 0.10831468 | E8: =CORREL('ADJ CLOSES - RETURNS'!L3:L1203,'ADJ CLOSES - RETURNS'!K3:K1203) -> 0.0080934869 | F8: =CORREL('ADJ CLOSES - RETURNS'!L3:L1203,'ADJ CLOSES - RETURNS'!L3:L1203) -> 1 | G8: =CORREL('ADJ CLOSES - RETURNS'!L3:L1203,'ADJ CLOSES - RETURNS'!M3:M1203) -> 0.21490229
A9: HOME DEPOT | B9: =CORREL('ADJ CLOSES - RETURNS'!M3:M1203,'ADJ CLOSES - RETURNS'!H3:H1203) -> -0.0037652594 | C9: =CORREL('ADJ CLOSES - RETURNS'!M3:M1203,'ADJ CLOSES - RETURNS'!I3:I1203) -> -0.033600655 | D9: =CORREL('ADJ CLOSES - RETURNS'!M3:M1203,'ADJ CLOSES - RETURNS'!J3:J1203) -> -0.018866125 | E9: =CORREL('ADJ CLOSES - RETURNS'!M3:M1203,'ADJ CLOSES - RETURNS'!K3:K1203) -> -0.0020032873 | F9: =CORREL('ADJ CLOSES - RETURNS'!M3:M1203,'ADJ CLOSES - RETURNS'!L3:L1203) -> 0.21490229 | G9: =CORREL('ADJ CLOSES - RETURNS'!M3:M1203,'ADJ CLOSES - RETURNS'!M3:M1203) -> 1

Sheet COVARIANCE MATRIX
A1: COVARIANCE MATRIX
A3: COMPANY | B3: NVIDIA | C3: GOOGLE | D3: META | E3: AMAZON | F3: WALMART | G3: HOME DEPOT
A4: NVIDIA | B4: =_xlfn.COVARIANCE.P('ADJ CLOSES - RETURNS'!H3:H1203, 'ADJ CLOSES - RETURNS'!H3:H1203) -> 0.0011177759 | C4: =_xlfn.COVARIANCE.P('ADJ CLOSES - RETURNS'!I3:I1203, 'ADJ CLOSES - RETURNS'!H3:H1203) -> 2.9484982e-05 | D4: =_xlfn.COVARIANCE.P('ADJ CLOSES - RETURNS'!J3:J1203, 'ADJ CLOSES - RETURNS'!H3:H1203) -> 4.3395744e-05 | E4: =_xlfn.COVARIANCE.P('ADJ CLOSES - RETURNS'!K3:K1203, 'ADJ CLOSES - RETURNS'!H3:H1203) -> 0.00026670221 | F4: =_xlfn.COVARIANCE.P('ADJ CLOSES - RETURNS'!L3:L1203, 'ADJ CLOSES - RETURNS'!H3:H1203) -> 6.9729271e-06 | G4: =_xlfn.COVARIANCE.P('ADJ CLOSES - RETURNS'!M3:M1203, 'ADJ CLOSES - RETURNS'!H3:H1203) -> -1.9202362e-06
A5: GOOGLE | B5: =_xlfn.COVARIANCE.P('ADJ CLOSES - RETURNS'!H3:H1203,'ADJ CLOSES - RETURNS'!I3:I1203) -> 2.9484982e-05 | C5: =_xlfn.COVARIANCE.P('ADJ CLOSES - RETURNS'!I3:I1203,'ADJ CLOSES - RETURNS'!I3:I1203) -> 0.00039704487 | D5: =_xlfn.COVARIANCE.P('ADJ CLOSES - RETURNS'!J3:J1203,'ADJ CLOSES - RETURNS'!I3:I1203) -> 0.0002144505 | E5: =_xlfn.COVARIANCE.P('ADJ CLOSES - RETURNS'!K3:K1203,'ADJ CLOSES - RETURNS'!I3:I1203) -> 2.7820402e-06 | F5: =_xlfn.COVARIANCE.P('ADJ CLOSES - RETURNS'!L3:L1203,'ADJ CLOSES - RETURNS'!I3:I1203) -> 1.3044006e-05 | G5: =_xlfn.COVARIANCE.P('ADJ CLOSES - RETURNS'!M3:M1203,'ADJ CLOSES - RETURNS'!I3:I1203) -> -1.021292e-05
A6: META | B6: =_xlfn.COVARIANCE.P('ADJ CLOSES - RETURNS'!H3:H1203,'ADJ CLOSES - RETURNS'!J3:J1203) -> 4.3395744e-05 | C6: =_xlfn.COVARIANCE.P('ADJ CLOSES - RETURNS'!I3:I1203,'ADJ CLOSES - RETURNS'!J3:J1203) -> 0.0002144505 | D6: =_xlfn.COVARIANCE.P('ADJ CLOSES - RETURNS'!J3:J1203,'ADJ CLOSES - RETURNS'!J3:J1203) -> 0.00080416959 | E6: =_xlfn.COVARIANCE.P('ADJ CLOSES - RETURNS'!K3:K1203,'ADJ CLOSES - RETURNS'!J3:J1203) -> -2.6133823e-05 | F6: =_xlfn.COVARIANCE.P('ADJ CLOSES - RETURNS'!L3:L1203,'ADJ CLOSES - RETURNS'!J3:J1203) -> 4.1175414e-05 | G6: =_xlfn.COVARIANCE.P('ADJ CLOSES - RETURNS'!M3:M1203,'ADJ CLOSES - RETURNS'!J3:J1203) -> -8.160916e-06
A7: AMAZON | B7: =_xlfn.COVARIANCE.P('ADJ CLOSES - RETURNS'!H3:H1203,'ADJ CLOSES - RETURNS'!K3:K1203) -> 0.00026670221 | C7: =_xlfn.COVARIANCE.P('ADJ CLOSES - RETURNS'!I3:I1203,'ADJ CLOSES - RETURNS'!K3:K1203) -> 2.7820402e-06 | D7: =_xlfn.COVARIANCE.P('ADJ CLOSES - RETURNS'!J3:J1203,'ADJ CLOSES - RETURNS'!K3:K1203) -> -2.6133823e-05 | E7: =_xlfn.COVARIANCE.P('ADJ CLOSES - RETURNS'!K3:K1203,'ADJ CLOSES - RETURNS'!K3:K1203) -> 0.00051438043 | F7: =_xlfn.COVARIANCE.P('ADJ CLOSES - RETURNS'!L3:L1203,'ADJ CLOSES - RETURNS'!K3:K1203) -> 2.4606775e-06 | G7: =_xlfn.COVARIANCE.P('ADJ CLOSES - RETURNS'!M3:M1203,'ADJ CLOSES - RETURNS'!K3:K1203) -> -6.9305521e-07
A8: WALMART | B8: =_xlfn.COVARIANCE.P('ADJ CLOSES - RETURNS'!H3:H1203,'ADJ CLOSES - RETURNS'!L3:L1203) -> 6.9729271e-06 | C8: =_xlfn.COVARIANCE.P('ADJ CLOSES - RETURNS'!I3:I1203,'ADJ CLOSES - RETURNS'!L3:L1203) -> 1.3044006e-05 | D8: =_xlfn.COVARIANCE.P('ADJ CLOSES - RETURNS'!J3:J1203,'ADJ CLOSES - RETURNS'!L3:L1203) -> 4.1175414e-05 | E8: =_xlfn.COVARIANCE.P('ADJ CLOSES - RETURNS'!K3:K1203,'ADJ CLOSES - RETURNS'!L3:L1203) -> 2.4606775e-06 | F8: =_xlfn.COVARIANCE.P('ADJ CLOSES - RETURNS'!L3:L1203,'ADJ CLOSES - RETURNS'!L3:L1203) -> 0.0001797023 | G8: =_xlfn.COVARIANCE.P('ADJ CLOSES - RETURNS'!M3:M1203,'ADJ CLOSES - RETURNS'!L3:L1203) -> 4.3944067e-05
A9: HOME DEPOT | B9: =_xlfn.COVARIANCE.P('ADJ CLOSES - RETURNS'!H3:H1203,'ADJ CLOSES - RETURNS'!M3:M1203) -> -1.9202362e-06 | C9: =_xlfn.COVARIANCE.P('ADJ CLOSES - RETURNS'!I3:I1203,'ADJ CLOSES - RETURNS'!M3:M1203) -> -1.021292e-05 | D9: =_xlfn.COVARIANCE.P('ADJ CLOSES - RETURNS'!J3:J1203,'ADJ CLOSES - RETURNS'!M3:M1203) -> -8.160916e-06 | E9: =_xlfn.COVARIANCE.P('ADJ CLOSES - RETURNS'!K3:K1203,'ADJ CLOSES - RETURNS'!M3:M1203) -> -6.9305521e-07 | F9: =_xlfn.COVARIANCE.P('ADJ CLOSES - RETURNS'!L3:L1203,'ADJ CLOSES - RETURNS'!M3:M1203) -> 4.3944067e-05 | G9: =_xlfn.COVARIANCE.P('ADJ CLOSES - RETURNS'!M3:M1203,'ADJ CLOSES - RETURNS'!M3:M1203) -> 0.00023268305
